name,phone,home_address,destination,caregiver_name
John Kitonyo,+17813542839,"3177 Jacobson Roads, Quincy, MA",Boston Medical Center,Aaron Richardson
John Campbell,+17812270128,"129 Burgess Plains, Cambridge, MA",Logan International Airport,David Moore
John Rodriguez,+17810208218,"28868 Ashley Rest, Worcester, MA",VA Boston Healthcare System,Steve Moore
John Clark,+17814372317,"93333 Martin Brooks Apt. 700, Cambridge, MA",Boston Medical Center,Erin Obrien
John Walker,+17818420147,"415 Brandon Inlet, Medford, MA",Brigham and Women's Hospital,William French
John Newman,+17818354537,"35677 Patricia Light Suite 333, Lowell, MA",Logan International Airport,Cassandra White
Dr. Tammy Anderson PhD,+17811882802,"22617 Kellie Ford Suite 784, Newton, MA",Logan International Airport,Cristian Sharp
Peter Henry,+17811777833,"55402 Marvin Route, Newton, MA",Beth Israel Deaconess,Emily Todd
Christopher Mendoza,+17813605040,"6176 Nicole Walk Suite 875, Worcester, MA",Brigham and Women's Hospital,John Thomas
Brent Contreras,+17812712119,"7089 Lloyd Rapid, Cambridge, MA",Beth Israel Deaconess,Trevor Thornton
Rebecca Houston,+17815530098,"14263 Raymond Pines Suite 921, Medford, MA",Cambridge Health Alliance,Allison Ray
Cassandra Simmons,+17812222369,"35575 Rodriguez Fort Suite 664, Medford, MA",Mass General Hospital,Steven Carney
Melissa Moore,+17817078533,"067 Mills Ridges Apt. 978, Medford, MA",Beth Israel Deaconess,Kyle Madden
Justin Glover,+17811636562,"0666 Christopher Port Suite 934, Newton, MA",Brigham and Women's Hospital,Robin Smith
Erin Clark,+17811054468,"66428 Ryan Prairie, Somerville, MA",Beth Israel Deaconess,Christina Woodard
Christina Gordon,+17817285927,"4217 Davis Coves, Worcester, MA",VA Boston Healthcare System,Jennifer Andrews
Haley Garcia,+17810074402,"23208 Jackson Vista, Boston, MA",Mass General Hospital,David Mendoza
Diane Smith,+17810193905,"2608 Susan Lake Apt. 270, Boston, MA",Beth Israel Deaconess,Susan Houston
William Smith,+17817186996,"21878 Mcdonald Point, Waltham, MA",Brigham and Women's Hospital,Kenneth Arellano
Diane Blake,+17811656859,"12277 Alexander Walks, Somerville, MA",Tufts Medical Center,Shawn Kelly
Jesus Carrillo,+17819255165,"621 Anderson Underpass Suite 611, Waltham, MA",Tufts Medical Center,Laura Carpenter
Sydney Flowers,+17816464282,"4523 Erickson Orchard Apt. 638, Lowell, MA",Beth Israel Deaconess,Brian Wilkerson
Derek Obrien,+17811613918,"037 John Walks Apt. 931, Springfield, MA",Mass General Hospital,Ryan Kennedy
Melissa Howell,+17814244524,"03704 Smith Forges, Newton, MA",Boston Medical Center,James Flores
Ethan Wilson,+17810903776,"992 Thomas Roads, Worcester, MA",Mass General Hospital,Tanya Santos
Lisa Young,+17819920642,"25433 Thomas Trail Apt. 017, Brookline, MA",Beth Israel Deaconess,Michelle Gonzalez
Kristine Trevino,+17812709321,"3135 Richard Isle Apt. 518, Lowell, MA",Logan International Airport,Laurie Hammond
Jessica Gray,+17811780271,"349 Ray Port Suite 085, Cambridge, MA",Mass General Hospital,Laura Mcconnell
Alyssa Austin,+17812417274,"16062 Harris Falls, Brookline, MA",Boston Medical Center,Michael Harrison
Danielle Ford,+17813939284,"39725 Savage Port Suite 800, Quincy, MA",Mass General Hospital,David Davies
Caleb Garcia,+17813030406,"898 Davis Vista, Newton, MA",Logan International Airport,Logan Nelson DVM
Matthew Gonzalez,+17812715272,"730 Robert Pass, Quincy, MA",Cambridge Health Alliance,Spencer Small
Alicia Baker,+17815879941,"376 Diane Curve Apt. 941, Medford, MA",Boston Medical Center,David Ayala
Charles Long,+17817739438,"54107 Robert Burg, Boston, MA",Cambridge Health Alliance,Kevin Carter
Wanda Flores,+17813133421,"6018 Nancy Port, Medford, MA",Brigham and Women's Hospital,Eric Marquez
Robert Robinson,+17818953835,"392 Johnson Ranch, Boston, MA",Brigham and Women's Hospital,Justin Fisher
Donald Andrews,+17816335604,"34676 Aaron Tunnel Suite 719, Newton, MA",Brigham and Women's Hospital,James Reed
Joshua Martinez,+17819403476,"66324 Rachel Fields, Worcester, MA",Tufts Medical Center,James Castillo
Alexandra Roberts,+17816475188,"01149 Branch Walks Suite 230, Boston, MA",VA Boston Healthcare System,Carol Johnson
Bianca Hill,+17816573294,"4855 Garrett Land, Newton, MA",Mass General Hospital,Erin Velez
Hector Stewart,+17815430280,"9725 Sandra Park Apt. 846, Lawrence, MA",Mass General Hospital,Cheryl Hawkins
Stephen Rodriguez,+17811440701,"3579 Allen Lock, Lawrence, MA",Logan International Airport,Mrs. Barbara Weaver
Eric Stone,+17812585676,"6977 Robert Flats, Brookline, MA",Cambridge Health Alliance,Linda Munoz
Jon Frank,+17819866118,"6935 Richard Curve Suite 720, Cambridge, MA",Boston Medical Center,Timothy Brown
Christopher Phillips,+17813156867,"667 Griffin Row Suite 146, Somerville, MA",VA Boston Healthcare System,Amanda Cordova
Brandon Ewing,+17812137941,"299 Brown Fort, Quincy, MA",Boston Medical Center,Eric Adams
Jessica Stout,+17816089671,"06158 Matthew Valley Apt. 793, Lowell, MA",Boston Medical Center,Angela Hill
Melissa Collins,+17811579243,"05762 Jacob Knoll, Lowell, MA",Tufts Medical Center,Justin Young
Amy Webster,+17814438964,"2873 Sophia Pike Apt. 958, Newton, MA",Beth Israel Deaconess,Travis Lewis
Danielle Warren,+17816844603,"2975 Martin Fall, Lawrence, MA",Beth Israel Deaconess,Grace Duffy
David Hall,+17812996509,"016 Jill Roads Suite 460, Newton, MA",VA Boston Healthcare System,Andre Murphy
Robert Peters,+17819286627,"562 Elizabeth Forge Suite 418, Springfield, MA",Mass General Hospital,Erin Sanchez
Derek Haynes,+17811398617,"741 Charles Squares Apt. 088, Springfield, MA",Tufts Medical Center,Margaret Johnston
Kyle Burns,+17811023277,"045 Hernandez Fort, Worcester, MA",Brigham and Women's Hospital,Erica Reynolds
Melanie James,+17818596696,"87073 Natalie Burg, Quincy, MA",Cambridge Health Alliance,Larry Christian
Michael Olson,+17818788511,"1528 Michael Spurs, Brookline, MA",Logan International Airport,Gregory Zimmerman
Thomas Friedman,+17818358525,"496 Todd Pine Suite 826, Waltham, MA",Logan International Airport,Brittany Hickman
Michelle Gates,+17819143475,"2209 Thomas Union, Quincy, MA",Logan International Airport,Megan Rios
Amy Le,+17812359351,"976 Anderson Dam, Newton, MA",Cambridge Health Alliance,Christopher Ayala
Michelle Salazar,+17816338208,"0086 Mercer Village, Quincy, MA",Logan International Airport,Taylor Johnson
Kenneth Ward,+17812474912,"914 Natalie Villages Suite 940, Brookline, MA",Tufts Medical Center,Robert Powell
Jesus Huff,+17816969298,"6991 Mike Burg Suite 198, Newton, MA",Brigham and Women's Hospital,Megan Taylor
Adam Weber,+17811215811,"76582 Miller Bridge, Somerville, MA",Mass General Hospital,Larry Ryan
Jason Collins,+17819445156,"140 Tracy Square, Lowell, MA",Logan International Airport,Patrick Meyer
Tony Thompson,+17817870620,"14022 Jones Islands Apt. 742, Waltham, MA",Boston Medical Center,Stephanie Marks
Virginia Beck,+17816256956,"036 Kelly Ranch Suite 565, Lawrence, MA",VA Boston Healthcare System,Catherine Jackson
Mark Lawson,+17813263855,"959 Bennett Roads, Quincy, MA",Brigham and Women's Hospital,Fred Ferguson
Sean Walker,+17817525053,"4885 Brittany Village Apt. 048, Springfield, MA",Brigham and Women's Hospital,Samuel Massey
Jacqueline Osborn,+17815345747,"331 Seth Corner Suite 444, Springfield, MA",Boston Medical Center,Tiffany Anderson
Angel Pena,+17814123649,"332 Penny Brook Suite 005, Cambridge, MA",Tufts Medical Center,Brittney Brown
Jeffrey Espinoza,+17818480971,"6058 Christopher Estates Suite 337, Cambridge, MA",VA Boston Healthcare System,Ruth Patton
Tammy Elliott,+17814602678,"577 Davis Valley, Newton, MA",Brigham and Women's Hospital,Samuel Hill
Rebecca Harper,+17813054435,"497 Daniel Village, Boston, MA",Cambridge Health Alliance,Kristen Taylor
Jason Oneal,+17812235730,"23354 Watkins Ridge, Springfield, MA",Beth Israel Deaconess,April Wilson
Luis Morgan,+17815050738,"7169 Patrick Islands Apt. 827, Cambridge, MA",VA Boston Healthcare System,Alexa Kirk
Susan Ford,+17817175982,"27922 Parks Divide, Brookline, MA",Logan International Airport,Noah Martinez
Michael Ward,+17817404283,"007 James Viaduct Apt. 386, Lowell, MA",Cambridge Health Alliance,Christopher Johnson
Chelsea House,+17816791325,"8919 Gregory Heights, Newton, MA",Beth Israel Deaconess,Kyle Cannon
Joann Hansen,+17813475147,"5315 Sharon Mews, Brookline, MA",Tufts Medical Center,Richard Dodson
Noah Carroll,+17815354636,"95235 Thomas Dale Suite 619, Springfield, MA",Cambridge Health Alliance,Stephanie Murillo
Beth Swanson,+17811568975,"917 Gonzalez Tunnel Apt. 559, Brookline, MA",Brigham and Women's Hospital,Andrew Jones
Dylan Burke,+17811022011,"4063 Monique River Apt. 760, Lowell, MA",Logan International Airport,Erik Patterson
Sherry Woods,+17815131482,"3436 Wilson Trace, Springfield, MA",VA Boston Healthcare System,Caitlin Cook
Nichole Williamson,+17817124126,"3676 Barnes Station Suite 065, Lawrence, MA",Logan International Airport,Brian Hammond
Lisa Harrison,+17815334065,"22336 Valencia Station, Worcester, MA",Cambridge Health Alliance,Timothy Esparza
Kelly Walker,+17819026133,"1804 Brenda Trail, Waltham, MA",VA Boston Healthcare System,Katrina Lee
Samuel Meza,+17817605924,"944 Clark Parks Apt. 128, Waltham, MA",Boston Medical Center,Brittany Booth
Misty Kennedy,+17818157701,"21557 Johnson Knoll, Springfield, MA",Tufts Medical Center,Jeremy Pena
April Patrick,+17814585741,"3623 Daniel Plains, Medford, MA",Cambridge Health Alliance,Deborah Jones
John Holloway,+17812213904,"2749 Stephens Square Apt. 789, Springfield, MA",Mass General Hospital,Claire Smith
Kristina Sanchez,+17814617497,"36689 Sampson Turnpike, Boston, MA",Brigham and Women's Hospital,Brenda Moran
Anne Waters,+17818483711,"2850 Michael Route, Worcester, MA",Boston Medical Center,Brittany Norton
Curtis Gibbs Jr.,+17816961044,"855 Timothy Avenue Suite 921, Quincy, MA",Mass General Hospital,Andrew Conway
Teresa Holt,+17818539944,"9388 Smith Bypass, Waltham, MA",Beth Israel Deaconess,Jennifer Burns
Taylor Smith,+17810488213,"87515 Brown Courts Apt. 064, Springfield, MA",Brigham and Women's Hospital,Caitlin Mcmahon
Kimberly Hill,+17813472241,"39175 Davila Avenue Apt. 442, Springfield, MA",Logan International Airport,Maria Velez
Edward Hicks,+17819214858,"9952 Baker Gardens Suite 739, Boston, MA",Logan International Airport,Kathryn Olson
George Scott,+17818834839,"42373 Dudley Neck Apt. 394, Boston, MA",Beth Israel Deaconess,Richard Watson
Steven Robbins,+17818394000,"351 Hanson Point Suite 856, Quincy, MA",Brigham and Women's Hospital,Martha Olsen
Christopher Hill,+17816812332,"18310 Jennifer Bridge Apt. 966, Worcester, MA",Boston Medical Center,Elizabeth Curtis
Alan Warren,+17811733446,"76523 Evans Way Suite 186, Medford, MA",Logan International Airport,Alexis Parsons
Mrs. Dorothy Butler DDS,+17819161937,"9441 Kimberly Summit, Boston, MA",Tufts Medical Center,Michael Davis
Nicholas Stevens,+17813951587,"99589 Calvin Crossing, Somerville, MA",VA Boston Healthcare System,Elizabeth Hernandez
Keith Lawson,+17818563874,"572 Juan Row Suite 198, Newton, MA",Brigham and Women's Hospital,Kara Smith
Terry Vasquez,+17811952558,"9000 Diana Rapid, Brookline, MA",Tufts Medical Center,Brian Martinez
Travis Chan,+17815814217,"1768 Johnson Orchard, Lawrence, MA",Beth Israel Deaconess,Mrs. Teresa Glover MD
Scott Huynh,+17812078095,"043 Christopher Stream Suite 214, Quincy, MA",VA Boston Healthcare System,Christopher Patel
Rachel Whitaker,+17818145776,"837 Shannon Ridges, Lowell, MA",Boston Medical Center,Michele Coleman
Collin Gonzalez,+17813485567,"32055 Jason Burgs, Boston, MA",Cambridge Health Alliance,Mr. Thomas Gonzales
James Smith,+17814948482,"0791 Jessica Course Apt. 147, Worcester, MA",VA Boston Healthcare System,Timothy Mccullough
James Walker,+17818397492,"471 Jacobs Prairie, Lowell, MA",Mass General Hospital,Lisa Cooper
Max Atkins,+17818243037,"2476 Tiffany Garden Suite 838, Worcester, MA",Mass General Hospital,Mr. Michael Knight DDS
Sheila Brady,+17813663547,"4478 Serrano Squares Apt. 667, Springfield, MA",Beth Israel Deaconess,Jessica Sellers
Stephanie Salazar,+17814820273,"11360 Kennedy Cove, Waltham, MA",Mass General Hospital,Andrea Collins
Jordan Pace,+17813430531,"526 Barnes Alley Suite 721, Lawrence, MA",Tufts Medical Center,Sean Stevenson MD
Gregory Ramirez,+17817111540,"4175 Charles Garden Apt. 566, Medford, MA",Mass General Hospital,John Kennedy
Kayla Raymond,+17814958787,"1733 Jones Gateway, Medford, MA",VA Boston Healthcare System,Jessica Powers
Jimmy Cooper,+17817180044,"5378 Brandon Bypass, Brookline, MA",Tufts Medical Center,Joshua Baxter
Danielle Pham,+17813064006,"261 Sullivan Tunnel, Waltham, MA",Tufts Medical Center,Alexandra Byrd
Robert Smith,+17811066478,"04467 Stacy Path Suite 323, Brookline, MA",Logan International Airport,Alyssa Owens
Gary Phillips,+17811212628,"10813 Brad Common, Somerville, MA",Cambridge Health Alliance,Joan Freeman
Kenneth Harris,+17811895131,"610 Teresa Square Suite 649, Lowell, MA",Brigham and Women's Hospital,Kimberly Morris
Paula Mitchell,+17819647878,"5453 Sellers Prairie Suite 912, Springfield, MA",Tufts Medical Center,Kimberly Green
Christopher Griffin,+17810929327,"22168 Dunn Garden, Medford, MA",Logan International Airport,April Howe
Mark Lin,+17813663894,"9119 Rebecca Island, Worcester, MA",Boston Medical Center,Anthony Matthews Jr.
Cody Sullivan,+17819891133,"93460 Nicole Street, Somerville, MA",VA Boston Healthcare System,Evelyn Jones
Chad Sanders,+17812137485,"91158 Nancy Plaza, Boston, MA",Logan International Airport,Marisa Washington
Mary Sanders,+17818484474,"92387 Griffin Hills Suite 732, Springfield, MA",VA Boston Healthcare System,Lisa Green
Julia Khan,+17818178832,"9639 Ebony Shoal Apt. 605, Lowell, MA",Tufts Medical Center,Jesse Lopez
Melissa Moore,+17819660454,"381 Erickson Circle Suite 175, Newton, MA",Tufts Medical Center,Haley Rodriguez
Paul Lopez,+17810784068,"4977 Wood Crest Apt. 472, Brookline, MA",Brigham and Women's Hospital,Hannah Henry
Dorothy Rodriguez,+17817492070,"14387 Fritz Cove, Brookline, MA",Beth Israel Deaconess,Aimee Smith
Robert Good,+17814487243,"751 Joshua Ports Suite 077, Lawrence, MA",Beth Israel Deaconess,Debra Jones
Candace Hanson,+17817644548,"3026 Rodriguez Creek Apt. 532, Lawrence, MA",Tufts Medical Center,Michael White
Barbara Shannon,+17811765161,"11875 Parker Manors, Worcester, MA",Mass General Hospital,Peggy Kelly
Sean Ford,+17816865923,"13141 Hernandez Mills Suite 458, Boston, MA",Logan International Airport,Bobby Carter
Jessica Hernandez,+17818636820,"08433 Benjamin Motorway Suite 944, Springfield, MA",Tufts Medical Center,Sandra Cruz
Robert Leon,+17816338789,"8046 Michael Lake Apt. 604, Springfield, MA",Mass General Hospital,Nathan Hughes
Brett Jefferson,+17819185212,"283 Thompson Avenue, Somerville, MA",Logan International Airport,Linda Gibson
Jerry Johnson,+17810964935,"41666 Cameron Groves, Worcester, MA",Tufts Medical Center,Victoria Fletcher
Walter Lopez,+17819777522,"5967 Ali Rue Suite 833, Lawrence, MA",Mass General Hospital,Kerry Fowler
Zachary Meyer,+17813591229,"57861 Eric Station, Lowell, MA",Boston Medical Center,Timothy Jones
Susan Mercado,+17811990867,"36091 Williams Islands Suite 537, Waltham, MA",VA Boston Healthcare System,Jonathan Walton
Christina Smith,+17819078187,"98112 Lee Overpass Apt. 236, Newton, MA",Mass General Hospital,Deborah Holland
Lisa Benitez,+17816001919,"041 Melissa Burg, Boston, MA",VA Boston Healthcare System,Courtney Willis
Austin Frazier,+17817893970,"0955 Brandy Knolls, Cambridge, MA",Cambridge Health Alliance,Crystal Zhang
Brandon Wilson,+17813651014,"4360 Douglas Fall, Lawrence, MA",Cambridge Health Alliance,Paige Mendoza
Mary Torres,+17815167103,"2777 Samuel Harbors, Springfield, MA",Beth Israel Deaconess,William Foster
Warren Beck,+17815909807,"9208 Gray Row, Lawrence, MA",Boston Medical Center,Daniel Blair
Dana Miller,+17812435574,"5148 Lopez Drive Apt. 447, Newton, MA",Cambridge Health Alliance,David Hodges
Deborah Henderson,+17812604097,"7799 Walker Isle, Boston, MA",Beth Israel Deaconess,Dr. Dana Carroll
Christopher Taylor,+17813553717,"014 Michelle Junction, Waltham, MA",Boston Medical Center,Yolanda Clark
Jessica Gallegos,+17810518645,"14873 Kristen Corners Suite 431, Lowell, MA",Beth Israel Deaconess,Brandon Green
Carl Davis,+17815374233,"238 Robert Square Suite 267, Boston, MA",Brigham and Women's Hospital,Cole Hughes
Michelle Padilla,+17813796952,"63029 Powers Fort, Medford, MA",Tufts Medical Center,Eric Young
Pamela Yu,+17817076555,"92780 Moses Crest Apt. 303, Newton, MA",Mass General Hospital,Ann Mayo
Bryan Jefferson,+17814369800,"00333 Samantha Wells, Waltham, MA",Boston Medical Center,John White
Daniel Wagner,+17817659445,"825 Chelsea Square Apt. 587, Brookline, MA",Brigham and Women's Hospital,Laurie Ross
Jacob Gallegos,+17811854061,"3281 Timothy Alley Suite 818, Medford, MA",Beth Israel Deaconess,Jennifer Jones
Desiree Osborne,+17811926158,"89065 Ballard Ports, Somerville, MA",Logan International Airport,Donald Robinson
Andrew Crawford,+17813248084,"28671 Snyder Ferry, Quincy, MA",Tufts Medical Center,Alyssa Hill
William Simpson,+17814935659,"5545 Strong Throughway Apt. 939, Newton, MA",VA Boston Healthcare System,James Hammond
Sandra Nolan,+17811793535,"81700 Sarah Villages Apt. 469, Cambridge, MA",Brigham and Women's Hospital,Ebony Smith
Christine Graves,+17811797846,"72326 Jason Fort Apt. 546, Cambridge, MA",Mass General Hospital,Thomas Torres
Calvin Morrison,+17813040968,"5241 Eric Squares Apt. 847, Cambridge, MA",Boston Medical Center,Cody Diaz
Michael Pham,+17815732957,"2403 Hannah Creek, Brookline, MA",Mass General Hospital,Justin Schaefer
Gabriel Jackson,+17811294333,"997 Julie Court, Cambridge, MA",VA Boston Healthcare System,Chad Miller
Belinda West,+17810509982,"507 Kevin Rapids Suite 071, Somerville, MA",Mass General Hospital,Jay Rice
Jonathan Benson,+17815011897,"499 Alec Road Suite 358, Quincy, MA",Logan International Airport,Brian Hamilton
Peter Lane,+17818125077,"4856 West Lock, Lawrence, MA",VA Boston Healthcare System,Amy Crawford
Laura Graves,+17812675355,"383 Shields Square, Brookline, MA",Tufts Medical Center,Heather Nunez
Trevor Johns,+17811560026,"4592 Cook Village, Cambridge, MA",Brigham and Women's Hospital,Amy Rowland
Amber Braun,+17810610719,"1188 Dustin Plains, Waltham, MA",Boston Medical Center,Anne Sanchez
Patrick Morgan,+17817222957,"9824 Samantha Stream Suite 251, Waltham, MA",Boston Medical Center,Robert Duke
Tanya Browning,+17812230040,"99173 Miller Manor, Springfield, MA",Tufts Medical Center,Levi Gilmore
William Rush,+17811007928,"941 Boyd Flats Suite 832, Quincy, MA",Cambridge Health Alliance,Tyler Brown
Kristina Garcia,+17811655884,"75599 Tyler Fields, Somerville, MA",Mass General Hospital,Lawrence Roberts
Laurie Thomas,+17815393864,"1810 Susan Brook Apt. 916, Worcester, MA",VA Boston Healthcare System,Christopher Munoz
Joseph Carey,+17817852843,"77568 Berry Fork Suite 832, Worcester, MA",Logan International Airport,Jennifer Ramirez
Karen Wade,+17817474446,"3683 White Brook, Lowell, MA",Cambridge Health Alliance,Brooke Aguilar
James Frank,+17815416008,"7885 Hawkins Landing, Somerville, MA",Brigham and Women's Hospital,Cory Stevens
Jessica Hardy,+17811759824,"6143 Anderson Centers Apt. 333, Cambridge, MA",Cambridge Health Alliance,Monique Rodriguez
Lisa Owen,+17818357393,"9469 Megan Cove Suite 098, Lowell, MA",Mass General Hospital,Dana Mcclain
Chelsea Sullivan,+17816399338,"39918 Rachel Prairie Suite 086, Lawrence, MA",VA Boston Healthcare System,Calvin Mccullough
Michael Kelly,+17813834897,"90017 Gilbert Junctions Apt. 772, Quincy, MA",Mass General Hospital,Melissa Matthews
Larry Rodriguez,+17814374499,"02126 Vargas Heights Apt. 608, Boston, MA",Cambridge Health Alliance,Ashley Davis
Jennifer Solis,+17812516289,"3650 Pruitt Roads Suite 180, Quincy, MA",Logan International Airport,Tina Lin
Monica Stark,+17812576176,"624 Trujillo Haven Apt. 359, Quincy, MA",Logan International Airport,Ashley Blake
Steven Esparza,+17810679809,"716 Ronald Haven, Brookline, MA",VA Boston Healthcare System,Nicholas Dawson
Richard Davis,+17810586109,"5478 Wallace Junctions Apt. 987, Newton, MA",Cambridge Health Alliance,Carol Montoya
Amber Terry,+17810796119,"052 Mason Hollow, Worcester, MA",Logan International Airport,Jennifer Kim
Edward Madden,+17816157677,"524 Ryan Tunnel Apt. 736, Quincy, MA",Brigham and Women's Hospital,Lisa Strong
Michael Barrett,+17811424035,"320 Casey Motorway, Brookline, MA",Beth Israel Deaconess,Gregory Kramer
Justin Hayes,+17819095475,"8758 Martin Pike Suite 451, Somerville, MA",Mass General Hospital,Dana Gray
Shannon Flores,+17819181901,"988 Wagner Mission, Lawrence, MA",VA Boston Healthcare System,Dennis Mitchell
Nancy Dominguez,+17812868850,"056 Vasquez Light, Worcester, MA",VA Boston Healthcare System,Casey Escobar
April Conley,+17815072121,"85566 Adams Forest Suite 546, Springfield, MA",Tufts Medical Center,Charles Herrera
Robert Rodriguez,+17818282757,"537 Alex Grove, Lawrence, MA",Mass General Hospital,Tonya Green
Jennifer Smith,+17815440418,"0028 Fox Via Suite 195, Somerville, MA",Tufts Medical Center,Charles Ferguson
Brian Gilbert,+17819403473,"038 Martinez Islands, Lowell, MA",VA Boston Healthcare System,Angel Edwards
